{"cameraMode":{"drawMode":0,"name":"Shaded","section":"Shading Mode"},"sceneLighting":false,"audioPlay":false,"sceneViewState":{"showFog":true,"showMaterialUpdate":false,"showSkybox":true,"showFlares":true,"showImageEffects":true,"showParticleSystems":true},"in2DMode":false,"pivot":{"x":22.769977569580079,"y":-0.0007387399673461914,"z":-11.188502311706543},"rotation":{"x":-0.3896077275276184,"y":0.5848544836044312,"z":-0.37810227274894717,"w":-0.6026523113250732},"size":7.8597517013549809,"orthographic":false}