{"cameraMode":{"drawMode":0,"name":"Shaded","section":"Shading Mode"},"sceneLighting":true,"audioPlay":false,"sceneViewState":{"showFog":true,"showMaterialUpdate":false,"showSkybox":true,"showFlares":true,"showImageEffects":true,"showParticleSystems":true},"in2DMode":false,"pivot":{"x":-28.556446075439454,"y":6.409999847412109,"z":1.6393773555755616},"rotation":{"x":0.193002849817276,"y":0.17410632967948914,"z":-0.03482157737016678,"w":0.9649996757507324},"size":40.010372161865237,"orthographic":false}