{"cameraMode":{"drawMode":0,"name":"Shaded","section":"Shading Mode"},"sceneLighting":false,"audioPlay":false,"sceneViewState":{"showFog":true,"showMaterialUpdate":false,"showSkybox":true,"showFlares":true,"showImageEffects":true,"showParticleSystems":true},"in2DMode":false,"pivot":{"x":26.569345474243165,"y":1.5291924476623536,"z":-3.466456651687622},"rotation":{"x":-0.2199937105178833,"y":0.6937131285667419,"z":-0.23715147376060487,"w":-0.6435247659683228},"size":6.970524787902832,"orthographic":false}