{"cameraMode":{"drawMode":0,"name":"Shaded","section":"Shading Mode"},"sceneLighting":false,"audioPlay":false,"sceneViewState":{"showFog":true,"showMaterialUpdate":false,"showSkybox":true,"showFlares":true,"showImageEffects":true,"showParticleSystems":true},"in2DMode":false,"pivot":{"x":-58.90010070800781,"y":51.05586242675781,"z":-60.08099365234375},"rotation":{"x":-0.3896077275276184,"y":0.5848544836044312,"z":-0.37810227274894717,"w":-0.6026523113250732},"size":6.395147323608398,"orthographic":false}